Model,Accuracy,Precision,Recall,F1,F2,Balanced_Acc,ROC_AUC,PR_AUC
Random_Forest,0.9940908164489288,0.9867137849600633,1.0,0.9933124664757869,0.9973142098031265,0.9947347435266102,0.9975605399364067,0.9940034158649158
XGBoost,0.9941595558609113,0.9875543914886898,0.9992849618789917,0.9933850472404868,0.9969166061666002,0.9947180742570025,0.9964664298658494,0.9910550410585147
Logistic_Regression,0.9883713536749292,0.9752913834913405,0.9988064423916576,0.9869088595997053,0.994013151238936,0.9895084712013412,0.9921158407807515,0.9805578079650831
Extra_Trees,0.8949730524320176,0.8164951907003479,0.9811991181457566,0.8913021053058431,0.9431486110105283,0.9043691556390234,0.9843740016947475,0.9793161541416869
Dummy_Stratified,0.5264906227412659,0.4393304382041535,0.28594163002063666,0.34641582689171146,0.30740741177316516,0.5002778627917629,0.5002778627917629,0.4389883122957015
Dummy_MostFrequent,0.5611486905657563,0.0,0.0,0.0,0.0,0.5,,
