Model,Accuracy,Precision,Recall,F1,F2,Balanced_Acc,ROC_AUC,PR_AUC
Random_Forest,1.0,1.0,1.0,1.0,1.0,1.0,1.0,1.0
Random_Forest,1.0,1.0,1.0,1.0,1.0,1.0,0.9999999999999999,1.0
XGBoost,1.0,1.0,1.0,1.0,1.0,1.0,1.0,1.0
Logistic_Regression,0.9995,0.9997172212272599,0.9993404315462169,0.9995287908773914,0.9994157667590132,0.9995104203112996,0.9999765920401433,0.9999791742072268
Extra_Trees,0.97635,0.9984270546598506,0.9569396023744464,0.9772432042338225,0.9649589540893889,0.9776175587242425,0.9994682418175955,0.9995304717056933
Dummy_Stratified,0.50115,0.5298703738493331,0.5315179496843494,0.5306928830142528,0.531187615352744,0.49916687939101884,0.49916687939101884,0.5302356147068772
Dummy_MostFrequent,0.53065,0.53065,1.0,0.69336556364943,0.8496925638890668,0.5,,
